file,role,title,license,author,source,downloaded_bytes
w2_01_mid_build.jpg,mid_build,File:Modern house under construction.jpg,CC BY-SA 4.0,Kwameghana,https://commons.wikimedia.org/wiki/File:Modern_house_under_construction.jpg,359750
w2_02_mid_build.jpg,mid_build,File:House under construction in the North.jpg,CC BY-SA 4.0,Kwameghana,https://commons.wikimedia.org/wiki/File:House_under_construction_in_the_North.jpg,371262
w2_03_mid_build.jpg,mid_build,File:Flat House under construction.jpg,CC BY-SA 4.0,Tamdra,https://commons.wikimedia.org/wiki/File:Flat_House_under_construction.jpg,321252
w2_04_mid_build.jpg,mid_build,File:Construction of a new home.jpg,CC BY-SA 4.0,SharonDawn,https://commons.wikimedia.org/wiki/File:Construction_of_a_new_home.jpg,548263
w2_05_mid_build.jpg,mid_build,File:House under construction (3799169525).jpg,CC BY-SA 2.0,Ted,https://commons.wikimedia.org/wiki/File:House_under_construction_(3799169525).jpg,305070
w2_06_mid_build.jpg,mid_build,File:House under construction (3799173499).jpg,CC BY-SA 2.0,Ted,https://commons.wikimedia.org/wiki/File:House_under_construction_(3799173499).jpg,1092182
w2_07_mid_build.jpg,mid_build,File:Men at work in a residential house construction site.jpg,CC BY-SA 4.0,Maina Pat Mbae,https://commons.wikimedia.org/wiki/File:Men_at_work_in_a_residential_house_construction_site.jpg,646504
w2_08_mid_build.jpg,mid_build,File:Masions working at residential house construction site.jpg,CC BY-SA 4.0,Maina Pat Mbae,https://commons.wikimedia.org/wiki/File:Masions_working_at_residential_house_construction_site.jpg,693350
w2_09_mid_build.jpg,mid_build,File:House Building.jpg,CC BY-SA 4.0,Munu-Muti,https://commons.wikimedia.org/wiki/File:House_Building.jpg,252939
w2_10_wrong_building.jpg,wrong_building,File:A compound mud house under construction in Ghana.jpg,CC BY-SA 4.0,Hasslaebetch,https://commons.wikimedia.org/wiki/File:A_compound_mud_house_under_construction_in_Ghana.jpg,512224
w2_11_roof_done_candidate.jpg,roof_done_candidate,File:Mud House with Iron Sheet Roof.jpg,CC BY-SA 4.0,Nabunje Leticia,https://commons.wikimedia.org/wiki/File:Mud_House_with_Iron_Sheet_Roof.jpg,1392775
w2_12_roof_done_candidate.jpg,roof_done_candidate,File:Paa la nyumba Eyasi.jpg,CC BY-SA 4.0,Masele Czeus25,https://commons.wikimedia.org/wiki/File:Paa_la_nyumba_Eyasi.jpg,322947
w2_13_roof_done_candidate.jpg,roof_done_candidate,File:1960s Houses Built for the Colonial Administrators.jpg,CC BY-SA 4.0,Elisha Osotsi,https://commons.wikimedia.org/wiki/File:1960s_Houses_Built_for_the_Colonial_Administrators.jpg,418090
w2_14_wrong_subject.jpg,wrong_subject,File:Ardhi house as seen from the roof of Guru Nanak.jpg,CC BY-SA 3.0,David Bett,https://commons.wikimedia.org/wiki/File:Ardhi_house_as_seen_from_the_roof_of_Guru_Nanak.jpg,331732
